<?xml version="1.0" encoding="UTF-8"?>
<!DOCTYPE configuration
  PUBLIC "-//mybatis.org//DTD Config 3.0//EN"
  "http://mybatis.org/dtd/mybatis-3-config.dtd">
<configuration>
   <typeAliases>
	    <typeAlias alias="Planner" type="odga.bt.domain.Planner"/>
	    <typeAlias alias="S_Planner" type="odga.bt.domain.S_Planner"/>
		<typeAlias alias="Area_T" type="odga.bt.domain.Area_T"/>
		<typeAlias alias="Sigungu_T" type="odga.bt.domain.Sigungu_T"/>
		<typeAlias type="odga.bt.vo.Searchcode" alias="Searchcode"/>
       <typeAlias alias="Support" type="odga.bt.domain.Support"/>
   	   <typeAlias alias="Review" type="odga.bt.domain.Review"/>
   	   <typeAlias alias="Member" type="odga.bt.domain.Member"/>
   	   <typeAlias alias="Touritems" type="odga.bt.domain.Touritems"/>
       <typeAlias alias="TouritemsVo" type="odga.bt.vo.TouritemsVo"/>
   </typeAliases>
 
</configuration>

